ID	Source	Change	Target	Output
Bribri0063	Ye' tö ù sú̠	PERSON:2_SI	Be' tö ù sú̠	Be' tö ù sú̠
Bribri0064	Ye' tö ù sú̠	PERSON:3_SI	Ie' tö ù sú̠	Ie' tö ù sú̠
Bribri0065	Ye' tö ù sú̠	PERSON:1_PL_EXC	Sa' tö ù sú̠	Ye' tö ù chwe̠
Bribri0066	Ye' tö ù sú̠	PERSON:1_PL_INC	Se' tö ù sú̠	Ye' tö ù chwe̠
Bribri0067	Ye' tö ù sú̠	PERSON:2_PL	A' tö ù sú̠	Ye' tö ù yé̠
Bribri0068	Ye' tö ù sú̠	PERSON:3_PL	Ie'pa tö ù sú̠	Ye'pa tö ù sú̠
Bribri0069	Ye' tö ù sú̠	TENSE:PRF_REC	Ye' tö ù sa̠wé̠	Ye' tö ù sé̠
Bribri0070	Ye' tö ù sú̠	TENSE:IPFV_PROG, ASPECT:IPFV	Ye' tso ù sa̠u̠k	Ye' tso ù sú̠k
Bribri0071	Ye' tö ù sú̠	VOICE:MID, PERSON:NA	Ù sù̠ne̠	Ù sú̠ne̠
Bribri0072	Ye' tö ù sú̠	TYPE:NEG, VOICE:MID, PERSON:NA	Kë̀ ù sù̠ne̠	Kë̀ ù sùne̠
Bribri0073	Ye' tö ù sú̠	TENSE:PRF_REC, VOICE:MID, PERSON:NA	Ù sù̠na̠	Ù sù̠na̠
Bribri0074	Ye' tö ù sú̠	TENSE:IPFV_REC, ASPECT:IPFV, VOICE:MID, PERSON:NA	Ù sú̠r	Ù sú̠r
Bribri0075	Ye' tö ù sú̠	TYPE:NEG, TENSE:IPFV_REC, ASPECT:IPFV, VOICE:MID, PERSON:NA	Kë̀ ù sú̠r	Kë̀ ù sú̠r
Bribri0076	Ye' tö ù sú̠	TYPE:NEG	Ye' kë̀ wa̠ ù sù̠ne̠	Ye' kë̀ wa̠ ù sù̠ne̠
Bribri0077	Ye' tö ù sú̠	TENSE:PAS_PLU, VOICE:MID, PERSON:NA	Ù sú̠rule	Ù sú̠ne̠
Bribri0078	Ye' tö ù sú̠	TENSE:PAS_PLU, PERSON:3_PL	Ie'pa wa̠ ù sú̠rule	Ie'pa wa̠ ù sú̠rule
Bribri0079	Ye' tö ù sú̠	TYPE:NEG, TENSE:PAS_PLU, PERSON:3_PL	Ie'pa kë̀ wa̠ ù sú̠rule	Ye' kë̀ wa̠ ù sú̠rule
Bribri0080	Ye'r i sú̠	TYPE:NEG	Ye' kë̀ wa̠ i sù̠ne̠	Ye'r kë̀ wa̠ i sú̠ne̠
Bribri0081	Ye'r i sú̠	TENSE:PRF_REC	Ye'r i sa̠wé̠	Ye'r i sé̠
Bribri0082	Ye'r i sú̠	TYPE:NEG, TENSE:PRF_REC	Ye kë̀ wa̠ i sù̠ne̠	Ye'r kë̀ wa̠ i sú̠ne̠
Bribri0083	Ye'r i sú̠	TENSE:IPFV_REC, ASPECT:IPFV	Ye'r i sa̠wè̠	Ye'r i sù̠
Bribri0084	Ye'r i sú̠	TYPE:NEG, TENSE:IPFV_REC, ASPECT:IPFV	Kë̀ ye'r i sa̠we̠	Kë̀ ye'r i sú̠e̠
Bribri0085	Ye'r i sú̠	MODE:IMP, TENSE:IPFV_REC, ASPECT:IPFV, PERSON:NA	I sa̠ú̠	I sú̠
Bribri0086	Ye'r i sú̠	TYPE:NEG, MODE:IMP, TENSE:IPFV_REC, ASPECT:IPFV, PERSON:2_SI	Kë̀ be' tö i sa̠u̠k	Kë̀ i sú̠k
Bribri0087	Ye'r i sú̠	TYPE:NEG, MODE:IMP, TENSE:IPFV_REC, ASPECT:IPFV, VOICE:MID, PERSON:3_SI	Kë̀ i sa̠wa̠r	Kë̀ i sú̠r
Bribri0088	Ye'r i sú̠	MODE:EXH, TENSE:IPFV_REC, ASPECT:IPFV, PERSON:1_PL_INC	I sa̠ù̠ sö	I sú̠ sö
Bribri0089	Ye'r i sú̠	TENSE:FUT_CER, ASPECT:IPFV	Ye'r i sa̠wè̠râ	Ye'r i suèrâ̠
Bribri0090	Ye'r i sú̠	TYPE:NEG, TENSE:FUT_CER, ASPECT:IPFV	Kë̀ ye'r i sa̠wè̠pa	Kë̀ ye'r i sú̠pa
Bribri0091	Ye'r i sú̠	TENSE:IPFV_HAB, ASPECT:IPFV	Ye'r i sa̠wè̠ke̠	Ye'r i sú̠ke̠
Bribri0092	Ye'r i sú̠	TYPE:NEG, TENSE:IPFV_HAB, ASPECT:IPFV	Kë̀ ye'r i sa̠wè̠ku̠	Kë̀ ye'r i sú̠ku̠
Bribri0093	Ye'r i sú̠	TENSE:FUT_POT, ASPECT:IPFV	Ye'r i sa̠wè̠mi̠	Ye'r i su̠mi̠
Bribri0094	Ye'r i sú̠	TYPE:NEG, TENSE:FUT_POT, ASPECT:IPFV	Kë̀ ye'r i sa̠u̠k	Kë̀ ye'r i sú̠k
Bribri0095	Ye'r i sú̠	VOICE:MID, PERSON:3_SI	I sù̠ne̠	I sú̠ne̠
Bribri0096	Ye'r i sú̠	VOICE:MID, ABSNUM:PL, PERSON:3_PL	I sù̠ne̠rak	Ie'pa i
Bribri0123	Ye' stsë'	TENSE:PRF_REC	Ye' stsé	Ye' stsé
Bribri0124	Ye' stsë'	TYPE:NEG	Ye' kë̀ stsë̀ne̠	Ye' kë̀ wa̠ stsë̀ne̠
Bribri0125	Ye' stsë'	TYPE:NEG, TENSE:PRF_REC	Ye' kë̀ stsë̀ne̠	Ye' kë̀ wa̠ stsë̀ne̠
Bribri0126	Ye' stsë'	VOICE:MID, ABSNUM:NI, PERSON:NA	Stsë̀ne̠	Stsë̀ne̠
Bribri0127	Ye' stsë'	TYPE:NEG, VOICE:MID, ABSNUM:NI, PERSON:NA	Kë̀ stsë̀ne̠	Kë̀ stsë̀ne̠
Bribri0128	Ye' stsë'	TENSE:IPFV_REC, ASPECT:IPFV, PERSON:3_SI	Ie' stsö̀	Ie' stsö̀
Bribri0129	Ye' stsë'	TYPE:NEG, TENSE:IPFV_REC, ASPECT:IPFV, PERSON:3_SI	Ie' kë̀ stsö	Kë̀ ye' stsëk
Bribri0130	Ye' stsë'	TENSE:IPFV_REC, ASPECT:IPFV	Ye' stsö̀	Ye' stskö̀
Bribri0131	Ye' stsë'	TENSE:FUT_CER, ASPECT:IPFV	Ye' stsö̀râ	Ye' stërâ
Bribri0132	Ye' stsë'	TYPE:NEG, TENSE:FUT_CER, ASPECT:IPFV	Kë̀ ye' stsö̀pa	Kë̀ ye' stskë̀pa
Bribri0133	Ye' stsë'	TENSE:IPFV_HAB, ASPECT:IPFV	Ye' stsö̀ke̠	Ye' stskö̀ke̠
Bribri0134	Ye' stsë'	TYPE:NEG, TENSE:IPFV_HAB, ASPECT:IPFV	Kë̀ ye' stsö̀ku̠	Kë̀ ye' stskö̀ku̠
Bribri0135	Ye' stsë'	TENSE:FUT_POT, ASPECT:IPFV	Ye' stsö̀mi̠	Ye' stsi̠mi̠
Bribri0136	Ye' stsë'	TYPE:NEG, TENSE:FUT_POT, ASPECT:IPFV	Kë̀ ye' stsök	Kë̀ ye' stsök
Bribri0137	Ye' stsë'	MODE:ADVERS	Ye' stsa'	Ye' wa̠ stsë'
Bribri0138	Ye' stsë'	MODE:IMP, TENSE:IPFV_REC, ASPECT:IPFV, PERSON:2_SI	Be' stsö́	Be' stökö́
Bribri0139	Ye' stsë'	TYPE:NEG, MODE:IMP, TENSE:IPFV_REC, ASPECT:IPFV, PERSON:2_SI	Kë̀ be' stsök	Kë̀ be' stsök
Bribri0140	Ye' stsë'	TYPE:NEG, MODE:IMP, TENSE:IPFV_REC, ASPECT:IPFV, VOICE:MID, ABSNUM:NI, PERSON:NA	Kë̀ stsar	Kë̀ stsër
Bribri0185	Ye' tö i̠ ña̠'wa	ABSNUM:PL	Ye' tö i̠ ña̠'alor	Ye' tö i̠ ña̠'kölur
Bribri0186	Ie'pa tö kàsir chka të'a	TYPE:NEG	Ie'pa kë̀ wa̠ kàsir chka të̀nà̠ne̠	Ie'pa kë̀ wa̠ kàsir chka të̀ne̠a
Bribri0187	Ie'pa tö kàsir chka të'a	TENSE:IPFV_PROG, ASPECT:IPFV	Ie'pa tso kàsir chka tö́kök	Ie'pa tso kàsir chkö́k të'a
Bribri0188	Ie'pa tö kàsir chka të'a	TYPE:NEG, TENSE:IPFV_PROG, ASPECT:IPFV	Ie'pa kë̀ ku̠ kàsir chka tö́kök	Ie'pa kë̀ ku̠ kàsir chkö́k tö́k
Bribri0189	Ie'pa tö kàsir chka të'a	TENSE:PRF_PROG	Ie'pa bák kàsir chka tö́kök	Ie'pa bák kàsir chkö́k të'a
Bribri0190	Ie'pa tö kàsir chka të'a	TYPE:NEG, TENSE:PRF_PROG	Ie'pa kë̀ ku̠'bak kàsir chka tö́kök	Ie'pa kë̀ ku̠'bak kàsir chkö́k të'a
Bribri0191	Ie'pa tö kàsir chka të'a	TENSE:PRF_REC, VOICE:MID, PERSON:NA	Kàsir chka të̀nà̠ne̠	Kàsir chka të̀na̠
Bribri0192	Ie'pa tö kàsir chka të'a	TENSE:PRF_REC	Ie'pa tö kàsir chka tée	Ie'pa tö kàsir chka té'a
Bribri0193	Ie'pa tö kàsir chka të'a	MODE:IMP, TENSE:IPFV_REC, ASPECT:IPFV, PERSON:NA	Kàsir chka tö́ö	Kàsir tö́ të'a
Bribri0194	Ie'pa tö kàsir chka të'a	TYPE:NEG, MODE:IMP, TENSE:IPFV_REC, ASPECT:IPFV, PERSON:NA	Kë̀ kàsir chka tökök	Kë̀ kàsir chka tök
Bribri0195	Ye' tso' dawèie	TYPE:NEG	Ye' kë̀ ku̠ dawèie	Ye' kë̀ wa̠ tso' dawèiene̠
Bribri0196	Ye' tso' dawèie	TENSE:PRF_REC, ASPECT:PFV	Ye' tchá dawèie	Ye' tso' dawèie̠
Bribri0197	Ye' tso' dawèie	TENSE:PRF_REM, ASPECT:PFV	Ye' bák dawèie	Ye' bák tso' dawèie
Bribri0198	Ye' tso' dawèie	TYPE:NEG, TENSE:PRF_REM, ASPECT:PFV	Ye' kë̀ ku̠'bak dawèie	Ye' kë̀ ku̠'bak tso' dawèie
Bribri0199	Ye' tso' dawèie	PERSON:2_SI	Be' tso' dawèie	Be' tso' dawèie
Bribri0200	Ye' tso' dawèie	TYPE:NEG, PERSON:2_SI	Be' kë̀ ku̠ dawèie	Ye' kë̀ wa̠ tso'
Bribri0201	Ye' tso' dawèie	TENSE:PRF_REC, ASPECT:PFV, PERSON:2_SI	Be' tchá dawèie	Be' tso' dawèie
Bribri0202	Ye' tso' dawèie	TENSE:PRF_REM, ASPECT:PFV, PERSON:2_SI	Be' bák dawèie	Be' bák tso' dawèie
Bribri0203	Ye' tso' dawèie	TYPE:NEG, TENSE:PRF_REM, ASPECT:PFV, PERSON:2_SI	Be' kë̀ ku̠'bak dawèie	Be' kë̀ ku̠'bak tso' dawèie
Bribri0204	Ye' tso' dawèie	PERSON:3_SI	Ie' tso' dawèie	Ie' tso' dawèie
Bribri0205	Ye' tso' dawèie	TYPE:NEG, PERSON:3_SI	Ie' kë̀ ku̠ dawèie	Ye' kë̀ wa̠ dawèie
Bribri0206	Ye' tso' dawèie	TENSE:PRF_REC, ASPECT:PFV, PERSON:3_SI	Ie' tchá dawèie	Ie' tso' dawèie
Bribri0207	Ye' tso' dawèie	TENSE:PRF_REM, ASPECT:PFV, PERSON:3_SI	Ie' bák dawèie	Ye' bák tso' dawèie
Bribri0208	Ye' tso' dawèie	TYPE:NEG, TENSE:PRF_REM, ASPECT:PFV, PERSON:3_SI	Ie' kë̀ ku̠'bak dawèie	Ie' kë̀ ku̠'bak tso' dawèie
Bribri0209	Ye' tso' dawèie	ABSNUM:PL, PERSON:1_PL_INC	Se' tso' dawèie	Se' tso' dawèie
Bribri0210	Ye' tso' dawèie	TYPE:NEG, ABSNUM:PL, PERSON:1_PL_INC	Se' kë̀ ku̠ dawèie	Se' kë̀ ku̠ tso'
Bribri0211	Ye' tso' dawèie	TENSE:PRF_REC, ASPECT:PFV, ABSNUM:PL, PERSON:1_PL_INC	Se' tchá dawèie	Se' tso' dawie
Bribri0212	Ye' tso' dawèie	TENSE:PRF_REM, ASPECT:PFV, ABSNUM:PL, PERSON:1_PL_INC	Se' bák dawèie	Se' bák ië'te̠n tso'
Bribri0213	Ye' tso' dawèie	TYPE:NEG, TENSE:PRF_REM, ASPECT:PFV, ABSNUM:PL, PERSON:1_PL_INC	Se' kë̀ ku̠'bak dawèie	Se' kë̀ ku̠'bak tso' dawèie
Bribri0214	Ye' tso' dawèie	ABSNUM:PL, PERSON:1_PL_EXC	Sa' tso' dawèie	Sa' tso' dawèie
Bribri0215	Ye' tso' dawèie	TYPE:NEG, ABSNUM:PL, PERSON:1_PL_EXC	Sa' kë̀ ku̠ dawèie	Sa' kë̀ tso' dawèie
Bribri0216	Ye' tso' dawèie	TENSE:PRF_REC, ASPECT:PFV, ABSNUM:PL, PERSON:1_PL_EXC	Sa' tchá dawèie	Sa' tso' dawèie
Bribri0217	Ye' tso' dawèie	TENSE:PRF_REM, ASPECT:PFV, ABSNUM:PL, PERSON:1_PL_EXC	Sa' bák dawèie	Sa' bák tso' dawèie
Bribri0218	Ye' tso' dawèie	TYPE:NEG, TENSE:PRF_REM, ASPECT:PFV, ABSNUM:PL, PERSON:1_PL_EXC	Sa' kë̀ ku̠'bak dawèie	Sa' kë̀ ku̠'bak tso' dawèie
Bribri0219	Ye' tso' dawèie	ABSNUM:PL, PERSON:2_PL	A' tso' dawèie	A' tso' dawèie
Bribri0220	Ye' tso' dawèie	TYPE:NEG, ABSNUM:PL, PERSON:2_PL	A' kë̀ ku̠ dawèie	A' kë̀ ku̠ tso' dawèie
Bribri0221	Ye' tso' dawèie	TENSE:PRF_REC, ASPECT:PFV, ABSNUM:PL, PERSON:2_PL	A' tchá dawèie	A' tso' dawéie
Bribri0222	Ye' tso' dawèie	TENSE:PRF_REM, ASPECT:PFV, ABSNUM:PL, PERSON:2_PL	A' bák dawèie	A' bák tso' dawèie
Bribri0223	Ye' tso' dawèie	TYPE:NEG, TENSE:PRF_REM, ASPECT:PFV, ABSNUM:PL, PERSON:2_PL	A' kë̀ ku̠'bak dawèie	A' kë̀ ku̠'bak tso' dawèie
Bribri0224	Ye' tso' dawèie	ABSNUM:PL, PERSON:3_PL	Ie'pa tso' dawèie	Ie'pa tso' dawèie
Bribri0225	Ye' tso' dawèie	TYPE:NEG, ABSNUM:PL, PERSON:3_PL	Ie'pa kë̀ ku̠ dawèie	Ie'pa kë̀ ku̠ tso' dawèie
Bribri0226	Ye' tso' dawèie	TENSE:PRF_REC, ASPECT:PFV, ABSNUM:PL, PERSON:3_PL	Ie'pa tchá dawèie	Ie'pa tso' dawèie
Bribri0227	Ye' tso' dawèie	TENSE:PRF_REM, ASPECT:PFV, ABSNUM:PL, PERSON:3_PL	Ie'pa bák dawèie	Ie'pa bák tso' dawèie
Bribri0228	Ye' tso' dawèie	TYPE:NEG, TENSE:PRF_REM, ASPECT:PFV, ABSNUM:PL, PERSON:3_PL	Ie'pa kë̀ ku̠'bak dawèie	Ie'pa kë̀ ku̠'bak tso' dawèie
Bribri0234	Ye' tö i kít	TYPE:NEG	Ye' kë̀ wa̠ i kìte̠	Ye' kë̀ wa̠ i kìne̠
Bribri0235	Ye' tö i kít	TENSE:PRF_REC	Ye' tö i ishté	Ye' tö i kité
Bribri0236	Ye' tö i kít	TYPE:NEG, TENSE:PRF_REC	Ye' kë̀ wa̠ i kìte̠	Ye' kë̀ wa̠ i kítne̠
Bribri0237	Ye' tö i kít	TENSE:IPFV_REC, ASPECT:IPFV	Ye' tö i ishtè	Ye' tö i kèt
Bribri0238	Ye' tö i kít	TYPE:NEG, TENSE:IPFV_REC, ASPECT:IPFV	Kë̀ ye' tö i ishte	Kë̀ ye' tö i kìte
Bribri0239	Ye' tö i kít	TENSE:IPFV_PROG, ASPECT:IPFV	Ye' tso i ishtö́k	Ye' tso i kítö́k
Bribri0240	Ye' tö i kít	TYPE:NEG, TENSE:IPFV_PROG, ASPECT:IPFV	Ye' kë̀ ku̠ i ishtö́k	Ye' kë̀ ku̠ i kö́k
Bribri0241	Ye' tö i kít	TENSE:PRF_PROG	Ye' bák i ishtö́k	Ye' bák i kö́k
Bribri0242	Ye' tö i kít	TYPE:NEG, TENSE:PRF_PROG	Ye' kë̀ ku̠'bak i ishtö́k	Ye' kë̀ ku̠'bak i kö́k
Bribri0243	Ye' tö i kít	MODE:IMP, TENSE:IPFV_REC, ASPECT:IPFV, PERSON:NA	I ishtö́	I kitú̠
Bribri0244	Ye' tö i kít	TYPE:NEG, MODE:IMP, TENSE:IPFV_REC, ASPECT:IPFV, PERSON:NA	Kë̀ i ishtök	Kë̀ i kiök
Bribri0245	Ye' tö i kít	TYPE:NEG, MODE:IMP, TENSE:IPFV_REC, ASPECT:IPFV, VOICE:MID, PERSON:3_SI	Kë̀ i ishtar	Kë̀ i kítar
Bribri0246	Ye' tö i kít	VOICE:MID, PERSON:3_SI	I kìte̠	I kítne̠
Bribri0247	Ye' tö i kít	TYPE:NEG, TENSE:PRF_REC, VOICE:MID, PERSON:3_SI	Kë̀ i kìte̠	Kë̀ i kítne̠
Bribri0334	Ye' wa̠ sawë́ chka katárule	TYPE:NEG	Ye' kë̀ wa̠ sawë́ chka katárule	Ye' kë̀ wa̠ sawë́ chka katárulene̠
Bribri0335	Ye' wa̠ sawë́ chka katárule	VOICE:MID, PERSON:NA	Sawë́ chka katárule	Sawë́ chka katárulene̠
Bribri0359	Pûs kapë'wa̠	ABSNUM:PL	Pûs kapë'ulur	Pûs kapë'pa
Bribri0360	Pûs kapë'wa̠	TYPE:NEG	Pûs kë̀ kapë̀ne̠wa̠	Kë̀ pûs kapë'ne̠
Bribri0361	Pûs kapë'wa̠	TENSE:PRF_REC	Pûs kapówa̠	Pûs kapówa̠
Bribri0362	Pûs kapë'wa̠	TENSE:PRF_REC, ABSNUM:PL	Pûs kapóulur	Pûs kapé'ulur
Bribri0363	Pûs kapë'wa̠	TENSE:IPFV_REC, ASPECT:IPFV	Pûs kapö̀wa̠	Pûs köpö̀wa̠
Bribri0364	Pûs kapë'wa̠	TENSE:IPFV_PROG, ASPECT:IPFV	Pûs tso kapö́kwa̠	Pûs tso kapë'kö́k
Bribri0365	Pûs kapë'wa̠	TYPE:NEG, TENSE:IPFV_PROG, ASPECT:IPFV	Pûs kë̀ ku̠ kapö́kwa̠	Pûs kë̀ ku̠ kapë'wö́kwa̠
Bribri0366	Pûs kapë'wa̠	TENSE:PRF_PROG	Pûs bák kapö́kwa̠	Pûs bák kapë'wa̠k
Bribri0367	Pûs kapë'wa̠	TYPE:NEG, TENSE:PRF_PROG	Pûs kë̀ ku̠'bak kapö́kwa̠	Pûs kë̀ ku̠'bak kapë́k
Bribri0368	Pûs kapë'wa̠	MODE:DES, TENSE:IPFV_REC, ASPECT:IPFV	Pûs kapákwa̠	Pûs kapë'wa̠ku̠
Bribri0369	Pûs kapë'wa̠	TENSE:IPFV_HAB, ASPECT:IPFV	Pûs kapö̀ke̠wa̠	Pûs kapë'kè̠wa̠
Bribri0370	Pûs kapë'wa̠	MODE:IMP, TENSE:IPFV_REC, ASPECT:IPFV, PERSON:2_SI	Ba kapö́wa̠	Pûs kapö́wa̠
Bribri0371	Pûs kapë'wa̠	VOICE:MID, ABSNUM:NI	Kapë̀ne̠wa̠	Kapë'wa̠
Bribri0372	Pûs kapë'wa̠	TYPE:NEG, VOICE:MID, ABSNUM:NI	Kë̀ kapë̀ne̠wa̠	Kapë'wa̠ne̠
Bribri0373	Pûs kapë'wa̠	TENSE:IPFV_REC, ASPECT:IPFV, VOICE:MID, ABSNUM:NI	Kapë̀rwa̠	Kapë'wa̠r
Bribri0386	Chìchi dör sarûrû	ABSNUM:PL	Chìchi dör sarûrû sarûrû	Chìchi dör sarûrpa
Bribri0387	Chìchi dör bë̂rie	ABSNUM:PL	Chichi dör wî̠wî̠	Chìchi dör bë̂rien
Bribri0390	Ie' stsë' bua'	TENSE:IPFV_REC, ASPECT:IPFV	Ie' stsö̀ bua'	Ie' stsö̀ bua'
Bribri0391	Ie' stsë' bua'	TYPE:NEG, TENSE:IPFV_REC, ASPECT:IPFV	Ie' kë̀ stsö bua'	Kë̀ ie' stsë' bue
Bribri0395	Ye' tö i kö́twa̠	ABSNUM:PL	Ye' tö i kö́tulur	Ye' tö i kö́tulur
Bribri0396	Ye' tö i kö́twa̠	TYPE:NEG	Ye' kë̀ wa̠ i kö̀te̠wa̠	Ye' kë̀ wa̠ i kö́tne̠wa̠
Bribri0397	Ye' tö i kö́twa̠	TENSE:PRF_REC	Ye' tö i ujtéwa̠	Ye' tö i kué̠twa̠
Bribri0398	Ye' tö i kö́twa̠	TYPE:NEG, TENSE:PRF_REC	Ye' kë̀ wa̠ i kö̀te̠wa̠	Ye' kë̀ wa̠ i kö́twàne̠
Bribri0399	Ye' tö i kö́twa̠	TENSE:IPFV_REC, ASPECT:IPFV	Ye' tö i ujtèwa̠	Ye' tö i kotwè̠
Bribri0400	Ye' tö i kö́twa̠	TENSE:IPFV_REC, ASPECT:IPFV, ABSNUM:PL	Ye' tö i ujtèulur	Ye' tö i
Bribri0401	Ye' tö i kö́twa̠	TENSE:IPFV_PROG, ASPECT:IPFV	Ye' tso i ujtö́kwa̠	Ye' tso i kötwö́kwa̠
Bribri0402	Ye' tö i kö́twa̠	TYPE:NEG, TENSE:IPFV_PROG, ASPECT:IPFV	Ye' kë̀ ku̠ i ujtö́kwa̠	Ye' kë̀ ku̠ i kötwö́kwa̠
Bribri0403	Ye' tö i kö́twa̠	TENSE:PRF_PROG	Ye' bák i ujtö́kwa̠	Ye' bák i kö́twö́kwa̠
Bribri0404	Ye' tö i kö́twa̠	TYPE:NEG, TENSE:PRF_PROG	Ye' kë̀ ku̠'bak i ujtö́kwa̠	Ye' kë̀ ku̠'bak i kö́twö̠k
Bribri0405	Ye' tö i kö́twa̠	TYPE:NEG, MODE:IMP, TENSE:IPFV_REC, ASPECT:IPFV, PERSON:NA	Kë̀ i ujtök	Kë̀ i kö́twa̠k
Bribri0406	Ye' tö i kö́twa̠	MODE:DES, TENSE:IPFV_REC, ASPECT:IPFV	Ye' é̠n a̠ i ujta'kwa̠	Ye' é̠n a̠ i kö́twa̠'ku̠
Bribri0407	Ye' tö i kö́twa̠	TYPE:NEG, MODE:DES, TENSE:IPFV_REC, ASPECT:IPFV	Kë̀ ye' é̠n a̠ i ujta'kwa̠	Kë̀ ye' é̠n a̠ i kö́twa̠'ku̠
Bribri0408	Ye' tö i kö́twa̠	MODE:ADVERS	Ye' tö i ujta'wa̠	Ye' wa̠ i kua'
Bribri0409	Ye' tö i kö́twa̠	TENSE:IPFV_HAB, ASPECT:IPFV	Ye' tö i ujtèke̠wa̠	Ye' tö i kö́twè̠ke̠
Bribri0410	Ye' tö i kö́twa̠	TENSE:IPFV_HAB, ASPECT:IPFV, ABSNUM:PL	Ye' tö i ujtèkè̠ulur	Ye' tö i kö́twake̠
Bribri0411	Ye' tö i kö́twa̠	TENSE:FUT_CER, ASPECT:IPFV	Ye' tö i ujtèwa̠râ	Ye' tö i kö́twèrâ
Bribri0412	Ye' tö i kö́twa̠	TYPE:NEG, TENSE:FUT_CER, ASPECT:IPFV	Kë̀ ye' tö i ujtèpawa̠	Kë̀ ye' tö i ku̠twa̠pa
Bribri0413	Ye' tö i kö́twa̠	MODE:POT, TENSE:IPFV_REC, ASPECT:IPFV	Ye' a̠ i dawö	Ye' a̠ i kö́twa̠r
Bribri0414	Ye' tö i kö́twa̠	VOICE:MID, PERSON:3_SI	I kö̀te̠wa̠	I kö́ne̠
Bribri0415	Ye' tö i kö́twa̠	TYPE:NEG, VOICE:MID, PERSON:3_SI	Kë̀ i kö̀te̠wa̠	Ie' kë̀ ku̠ i kö́tne̠
Bribri0641	Ye' tö dawà su'	TYPE:NEG	Ye' kë̀ wa̠ dawà sùne̠	Ye' kë̀ wa̠ dawà sùne̠
Bribri0642	Ye' tö dawà su'	ASPECT:INC	Ye' tö dawà su'mi̠	Ye' tö dawà su'mi̠
Bribri0643	Ye' tö dawà su'	TENSE:PRF_REC	Ye' tö dawà sawé	Ye' tö dawà sé
Bribri0644	Ye' tö dawà su'	TYPE:NEG, TENSE:PRF_REC	Ye' kë̀ wa̠ dawà sùne̠	Ye' kë̀ wa̠ dawà sùne̠
Bribri0645	Ye' tö dawà su'	TENSE:PRF_REC, ASPECT:INC	Ye' tö dawà sawémi̠	Ye' tö dawà suémi̠
Bribri0646	Ye' tö dawà su'	TENSE:IPFV_REC, ASPECT:IPFV	Ye' tö dawà sawè	Ye' tö dawà suè
Bribri0647	Ye' tö dawà su'	TYPE:NEG, TENSE:IPFV_REC, ASPECT:IPFV	Kë̀ ye' tö dawà sawe	Kë̀ ye' tö dawà se
Bribri0648	Ye' tö dawà su'	TENSE:IPFV_PROG, ASPECT:IPFV	Ye' tso dawà sawö́k	Ye' tso dawö́k su'
Bribri0649	Ye' tö dawà su'	TYPE:NEG, TENSE:IPFV_PROG, ASPECT:IPFV	Ye' kë̀ ku̠ dawà sawö́k	Ye' kë̀ ku̠ dawö́k su'
Bribri0650	Ye' tö dawà su'	TENSE:PRF_PROG	Ye' bák dawà sawö́k	Ye' bák dawà suö́k
Bribri0651	Ye' tö dawà su'	TYPE:NEG, TENSE:PRF_PROG	Ye' kë̀ ku̠'bak dawà sawö́k	Ye' kë̀ ku̠'bak dawà tö́k
Bribri0652	Ye' tö dawà su'	MODE:IMP, TENSE:IPFV_REC, ASPECT:IPFV, PERSON:NA	Dawà sawö́	Dawá sú
Bribri0653	Ye' tö dawà su'	TYPE:NEG, MODE:IMP, TENSE:IPFV_REC, ASPECT:IPFV, PERSON:NA	Kë̀ dawà sawök	Kë̀ dawà tök
Bribri0654	Ye' tö dawà su'	TYPE:NEG, MODE:IMP, TENSE:IPFV_REC, ASPECT:IPFV, VOICE:MID, PERSON:NA	Kë̀ dawà sawar	Kë̀ dawà suar
Bribri0655	Ye' tö dawà su'	MODE:EXH, TENSE:IPFV_REC, ASPECT:IPFV, PERSON:1_PL_INC	Dawà sawö̀ sö	Dawà suö̀ sö
Bribri0656	Ye' tö dawà su'	MODE:DES, TENSE:IPFV_REC, ASPECT:IPFV	Ye' é̠n a̠ dawà sawa'ku̠	Ye' é̠n a̠ dawà sua'ku̠
Bribri0657	Ye' tö dawà su'	TYPE:NEG, MODE:DES, TENSE:IPFV_REC, ASPECT:IPFV	Kë̀ ye' é̠n a̠ dawà sawa'ku̠	Kë̀ ye' é̠n a̠ dawà su'ku̠
Bribri0658	Ye' tö dawà su'	MODE:ADVERS	Ye' wa̠ dawà sawa'	Ye' wa̠ dawà sa'
Bribri0659	Ye' tö dawà su'	TENSE:IPFV_HAB, ASPECT:IPFV	Ye' tö dawà sawèke̠	Ye' tö dawà suèke̠
Bribri0660	Ye' tö dawà su'	TYPE:NEG, TENSE:IPFV_HAB, ASPECT:IPFV	Kë̀ ye' tö dawà sawèku̠	Kë̀ ye' tö dawà suèku̠
Bribri0661	Ye' tö dawà su'	TENSE:FUT_POT, ASPECT:IPFV	Ye' tö dawà sawèmi̠	Ye' tö dawà suèmi̠
Bribri0662	Ye' tö dawà su'	TYPE:NEG, TENSE:FUT_POT, ASPECT:IPFV	Kë̀ ye' tö dawà sawök	Kë̀ ye' tö dawà suök
Bribri0663	Ye' tö dawà su'	TENSE:FUT_CER, ASPECT:IPFV	Ye' tö dawà sawèrâ	Ye' tö dawà suèrâ
Bribri0664	Ye' tö dawà su'	TYPE:NEG, TENSE:FUT_CER, ASPECT:IPFV	Kë̀ ye' tö dawà sawèpa	Kë̀ ye' tö dawà suèpa
Bribri0665	Ye' tö dawà su'	VOICE:MID, PERSON:NA	Dawà sùne̠	Dawà sùne̠
Bribri0666	Ye' tö dawà su'	TYPE:NEG, VOICE:MID, PERSON:NA	Kë̀ dawà sùne̠	Kë̀ dawà sùne̠
Bribri0667	Ye' tö dawà su'	TENSE:PRF_REC, VOICE:MID, PERSON:NA	Dawà sùna̠	Dawà sùna̠
Bribri0668	Ye' tö dawà su'	TYPE:NEG, TENSE:PRF_REC, VOICE:MID, PERSON:NA	Kë̀ dawà sùne̠	Kë̀ dawà sùne̠
Bribri0669	Ye' tö dawà su'	TENSE:IPFV_REC, ASPECT:IPFV, VOICE:MID, PERSON:NA	Dawà sùr	Dawà sûr
Bribri0670	Ye' tö dawà su'	TYPE:NEG, TENSE:IPFV_REC, ASPECT:IPFV, VOICE:MID, PERSON:NA	Kë̀ dawà sur	Kë̀ dawà sur
Bribri0671	Ye' tö dawà su'	TENSE:IPFV_HAB, ASPECT:IPFV, VOICE:MID, PERSON:NA	Dawà sùrke̠	Dawà sùrke̠
Bribri0672	Ye' tö dawà su'	TYPE:NEG, TENSE:IPFV_HAB, ASPECT:IPFV, VOICE:MID, PERSON:NA	Kë̀ dawà sùrku̠	Kë̀ dawà sùrku̠
Bribri0673	Ye' tö dawà su'	TENSE:FUT_POT, ASPECT:IPFV, VOICE:MID, PERSON:NA	Dawà sùrmi̠	Dawà sùrmi̠
Bribri0674	Ye' tö dawà su'	TYPE:NEG, TENSE:FUT_POT, ASPECT:IPFV, VOICE:MID, PERSON:NA	Kë̀ dawà sùnu̠k	Kë̀ dawà sùnu̠k
Bribri0675	Ye' tö dawà su'	TENSE:FUT_CER, ASPECT:IPFV, VOICE:MID, PERSON:NA	Dawà sùrdâ	Dawà sùrdâ
Bribri0676	Ye' tö dawà su'	TYPE:NEG, TENSE:FUT_CER, ASPECT:IPFV, VOICE:MID, PERSON:NA	Kë̀ dawà sùrpa	Kë̀ dawà sùrpa
Bribri0677	Ye' tö dawà su'	TENSE:PAS_PLU	Ye' wa̠ dawà súrule	Ye' wa̠ dawà súrule
Bribri0678	Ye' tö dawà su'	TYPE:NEG, TENSE:PAS_PLU	Ye' kë̀ wa̠ dawà súrule	Ye' kë̀ wa̠ dawà súrule
Bribri0679	Ye' tö dawà su'	MODE:POT, TENSE:IPFV_REC, ASPECT:IPFV	Ye' a̠ dawà súr	Ye' a̠ dawà súr
Bribri0680	Ye' tö dawà su'	TYPE:NEG, MODE:POT, TENSE:IPFV_REC, ASPECT:IPFV	Kë̀ ye' a̠ dawà súr	Kë̀ ye' a̠ dawà súr
Bribri0862	Ye' diö́köl bàtsul ako̠' a̠'mi̠k	TYPE:NEG	Ye' diö́köl kë̀ ku̠ bàtsul ako̠' a̠'mi̠k	Ye' kë̀ wa̠ diö́köl bàtsul ako̠' a̠'mìne̠k
Bribri0863	Ye' diö́köl bàtsul ako̠' a̠'mi̠k	TENSE:PRF_REM, ASPECT:PFV	Ye' diö́köl bák bàtsul ako̠' a̠'mi̠k	Ye' bák diö́köl bàtsul ako̠' a̠'mi̠k
Bribri0864	Ye' diö́köl bàtsul ako̠' a̠'mi̠k	TYPE:NEG, TENSE:PRF_REM, ASPECT:PFV	Ye' diö́köl kë̀ ku̠'bak bàtsul ako̠' a̠'mi̠k	Ye' kë̀ ku̠'bak diö́köl bàtsul ako̠' a̠'mi̠k
Bribri0865	Ye' diö́köl bàtsul ako̠' a̠'mi̠k	ABSNUM:PL	Ye' diö́köl bàtsulur ako̠' a̠'mi̠k	Ye' diö́köl bàtsul ako̠' a̠'pa̠k
Bribri0866	Ye' diö́köl bàtsul ako̠' a̠'mi̠k	TYPE:NEG, ABSNUM:PL	Ye' diö́köl kë̀ ku̠ bàtsulur ako̠' a̠'mi̠k	Ye' kë̀ ku̠ ië'te̠n bàtsul ako̠' a̠'mi̠k
Bribri0867	Ye' diö́köl bàtsul ako̠' a̠'mi̠k	TENSE:PRF_REM, ASPECT:PFV, ABSNUM:PL	Ye' diö́köl bák bàtsulur ako̠' a̠'mi̠k	Ye' bák ië'te̠n bàtsul ako̠' a̠'mi̠k
Bribri0868	Ye' diö́köl bàtsul ako̠' a̠'mi̠k	TYPE:NEG, TENSE:PRF_REM, ASPECT:PFV, ABSNUM:PL	Ye' diö́köl kë̀ ku̠'bak bàtsulur ako̠' a̠'mi̠k	Ye' kë̀ ku'ba̠k ië'te̠n bàtsul ako̠' a̠'mi̠k
Bribri0904	Wé̠shke̠ alákölpaë̀ tso	TENSE:PRF_REC, ASPECT:PFV	Wé̠shke̠ alákölpaë̀ tká	Wé̠shke̠ alákölpaë̀ tso
Bribri0905	Wé̠shke̠ alákölpaë̀ tso	TENSE:PRF_REM, ASPECT:PFV	Wé̠shke̠ alákölpaë̀ bák	Wé̠shke̠ bák alákölpaë̀ tso
Bribri0921	Ye' tö i búk	TYPE:NEG	Ye' kë̀ wa̠ i bùne̠	Ye' kë̀ wa̠ i búne̠
Bribri0922	Ye' tö i búk	TENSE:PRF_REC	Ye' tö i ppé	Ye' tö i bük
Bribri0923	Ye' tö i búk	TENSE:IPFV_REC, ASPECT:IPFV	Ye tö i ppè	Ye' tö i bukè
Bribri0924	Ye' tö i búk	TENSE:IPFV_PROG, ASPECT:IPFV	Ye' tso i ppö́k	Ye' tso i bökö́k
Bribri0925	Ye' tö i búk	TYPE:NEG, TENSE:IPFV_PROG, ASPECT:IPFV	Ye' kë̀ ku̠ i ppö́k	Ye' kë̀ ku̠ i bök
Bribri0926	Ye' tö i búk	TENSE:PRF_PROG	Ye' bák i ppö́k	Ye' bák i buök
Bribri0927	Ye' tö i búk	TYPE:NEG, TENSE:PRF_PROG	Ye' kë̀ ku̠'bak i ppö́k	Ye' kë̀ ku̠'bak i bök
Bribri0928	Ye' tö i búk	TENSE:IPFV_HAB, ASPECT:IPFV	Ye' tö i ppèke̠	Ye' tö i búke̠
Bribri0929	Ye' tö i búk	MODE:IMP, TENSE:IPFV_REC, ASPECT:IPFV, PERSON:NA	I ppö́	I bukú̠
Bribri0930	Ye' tö i búk	VOICE:MID, ABSNUM:NI, PERSON:NA	Bùne̠	Búkne̠
Bribri0931	Ye' tö i búk	TENSE:IPFV_REC, ASPECT:IPFV, VOICE:MID, ABSNUM:NI, PERSON:NA	Bùr	Búkàr
